﻿"Cube Title","Product Id","CANSIM Id",URL,"Cube Notes","Archive Status",Frequency,"Start Reference Period","End Reference Period","Total number of dimensions"
"Basket weights of the Consumer Price Index, Canada, provinces, Whitehorse, Yellowknife and Iqaluit","18100007","326-0031","https://www150.statcan.gc.ca/t1/tbl1/en/tv.action?pid=1810000701",1;2;9,"CURRENT - a cube available to the public and that is current","Occasional","1986-01-01","2024-01-01","4",

"Dimension ID","Dimension name","Dimension Notes","Dimension Definitions"
"1","Geography",,""
"2","Products and product groups",3;10,""
"3","Price period of weight",,""
"4","Geographic distribution of weight",,""

"Dimension ID","Member Name","Classification Code","Member ID","Parent Member ID",Terminated,"Member Notes","Member Definitions"
"1","Newfoundland and Labrador","[10]","2","1","",,
"1","Prince Edward Island","[11]","3","1","",,
"1","Nova Scotia","[12]","4","1","",,
"1","New Brunswick","[13]","5","1","",,
"1","Quebec","[24]","6","1","",,
"1","Ontario","[35]","7","1","",,
"1","Manitoba","[46]","8","1","",,
"1","Saskatchewan","[47]","9","1","",,
"1","Alberta","[48]","10","1","",,
"1","British Columbia","[59]","11","1","",,
"1","Whitehorse, Yukon","[6001009]","12","1","",,
"1","Yellowknife, Northwest Territories","[6106023]","13","1","",,
"1","Iqaluit, Nunavut","[6204003]","14","1","",,
"1","Canada","[11124]","1","","",,
"2","Household operations, furnishings and equipment","","95","1","",,
"2","Clothing and footwear","","140","1","",,
"2","Transportation","","160","1","",,
"2","Shelter","","78","1","",,
"2","Food","","2","1","",,
"2","Health and personal care","","185","1","",,
"2","Recreation, education and reading","","204","1","",,
"2","Alcoholic beverages, tobacco products and recreational cannabis","","242","1","",,
"2","Food purchased from restaurants","","74","2","",,
"2","Food purchased from stores","","3","2","",,
"2","Other food products and non-alcoholic beverages","","57","3","",,
"2","Meat","","4","3","",,
"2","Fish, seafood and other marine products","","15","3","",,
"2","Dairy products and eggs","","20","3","",,
"2","Bakery and cereal products (excluding baby food)","","28","3","",,
"2","Fruit, fruit preparations and nuts","","38","3","",,
"2","Vegetables and vegetable preparations","","48","3","",,
"2","Fresh or frozen meat (excluding poultry)","","5","4","",,
"2","Fresh or frozen poultry","","9","4","",,
"2","Processed meat","","12","4","",,
"2","Fresh or frozen beef","","6","5","",,
"2","Fresh or frozen pork","","7","5","",,
"2","Other fresh or frozen meat (excluding poultry)","","8","5","",,
"2","Fresh or frozen beef hip cuts","","333","6","",,
"2","Fresh or frozen beef loin cuts","","334","6","",,
"2","Fresh or frozen beef rib cuts ","","335","6","",,
"2","Fresh or frozen beef chuck cuts ","","336","6","",,
"2","Fresh stewing beef ","","337","6","",,
"2","Fresh or frozen ground beef","","338","6","",,
"2","Other fresh or frozen beef","","339","6","",,
"2","Fresh or frozen pork loin cuts","","340","7","",,
"2","Fresh or frozen pork shoulder cuts ","","341","7","",,
"2","Other fresh or frozen pork","","342","7","",,
"2","Fresh or frozen chicken","","10","9","",,
"2","Other fresh or frozen poultry","","11","9","",,
"2","Fresh or frozen chicken breasts ","","343","10","",,
"2","Fresh or frozen chicken thighs","","344","10","",,
"2","Fresh or frozen chicken drumsticks","","345","10","",,
"2","Fresh or frozen whole chicken ","","346","10","",,
"2","Other fresh or frozen chicken ","","347","10","",,
"2","Ham and bacon","","13","12","",,
"2","Other processed meat","","14","12","",,
"2","Bacon ","","292","13","",,
"2","Ham excluding deli ham ","","293","13","",,
"2","Fish","","16","15","",,
"2","Seafood and other marine products","","19","15","",,
"2","Fresh or frozen fish (including portions and fish sticks)","","17","16","",,
"2","Canned and other preserved fish","","18","16","",,
"2","Canned salmon ","","294","18","",,
"2","Canned tuna","","295","18","",,
"2","Shrimps and prawns ","","296","19","",,
"2","Other shellfish ","","297","19","",,
"2","Dairy products","","21","20","",,
"2","Eggs","","27","20","",,
"2","Fresh milk","","22","21","",,
"2","Butter","","23","21","",,
"2","Cheese","","24","21","",,
"2","Ice cream and related products","","25","21","",,
"2","Other dairy products","","26","21","",,
"2","Whole milk ","","298","22","",,
"2","Low-fat milk ","","299","22","",,
"2","Processed cheese ","","301","24","",,
"2","Unripened or fresh cheese ","","302","24","",,
"2","Mozzarella cheese ","","303","24","",,
"2","Cheddar cheese ","","300","24","",,
"2","Bakery products","","29","28","",,
"2","Cereal products (excluding baby food)","","33","28","",,
"2","Bread, rolls and buns","","30","29","",,
"2","Cookies and crackers","","31","29","",,
"2","Other bakery products","","32","29","",,
"2","Rice and rice-based mixes","","34","33","",,
"2","Breakfast cereal and other cereal products (excluding baby food)","","35","33","",,
"2","Pasta products","","36","33","",,
"2","Flour and flour-based mixes","","37","33","",,
"2","Dry or fresh pasta ","","304","36","",,
"2","Pasta mixes ","","305","36","",,
"2","Fresh fruit","","39","38","",,
"2","Preserved fruit and fruit preparations","","44","38","",,
"2","Nuts and seeds","","47","38","",,
"2","Apples","","40","39","",,
"2","Oranges","","41","39","",,
"2","Bananas","","42","39","",,
"2","Other fresh fruit","","43","39","",11,
"2","Citrus (excluding oranges)","","306","39","",,
"2","Grapes","","307","39","",,
"2","Berries (including cherries)","","308","39","",,
"2","Fruit juices","","45","44","",,
"2","Other preserved fruit and fruit preparations","","46","44","",,
"2","Canned fruit","","309","46","",,
"2","Jam, jelly and other preserves ","","310","46","",,
"2","Dried and dehydrated fruit ","","311","46","",,
"2","Frozen fruit ","","312","46","",,
"2","Preserved vegetables and vegetable preparations","","54","48","",,
"2","Fresh vegetables","","49","48","",,
"2","Potatoes","","50","49","",,
"2","Tomatoes","","51","49","",,
"2","Lettuce","","52","49","",,
"2","Other fresh vegetables","","53","49","",12,
"2","Carrots","","313","49","",,
"2","Onions","","314","49","",,
"2","Peppers","","315","49","",,
"2","Cucumber","","316","49","",,
"2","Mushrooms","","317","49","",,
"2","Frozen and dried vegetables","","55","54","",,
"2","Canned vegetables and other vegetable preparations","","56","54","",,
"2","Sugar and confectionery","","58","57","",,
"2","Edible fats and oils","","61","57","",,
"2","Coffee and tea","","64","57","",,
"2","Condiments, spices and vinegars","","67","57","",,
"2","Other food preparations","","68","57","",,
"2","Non-alcoholic beverages","","73","57","",,
"2","Sugar and syrup","","59","58","",,
"2","Confectionery","","60","58","",,
"2","Margarine","","62","61","",,
"2","Other edible fats and oils","","63","61","",,
"2","Coffee","","65","64","",,
"2","Tea","","66","64","",,
"2","Roasted or ground coffee","","318","65","",,
"2","Instant and other coffee ","","319","65","",,
"2","Soup","","69","68","",,
"2","Baby foods","","70","68","",,
"2","Frozen food preparations","","71","68","",,
"2","All other food preparations","","72","68","",,
"2","Canned infant or junior foods ","","320","70","",,
"2","Infant formula ","","321","70","",,
"2","Nut butter ","","322","72","",,
"2","Potato chips and other snack products n.e.c. ","","323","72","",,
"2","All other miscellaneous food preparations ","","324","72","",,
"2","Food purchased from table-service restaurants","","75","74","",,
"2","Food purchased from fast food and take-out restaurants","","76","74","",,
"2","Food purchased from cafeterias and other restaurants","","77","74","",,
"2","Rented accommodation","","79","78","",,
"2","Owned accommodation","","83","78","",,
"2","Water, fuel and electricity","","90","78","",,
"2","Rent","","80","79","",,
"2","Tenants' insurance premiums","","81","79","",,
"2","Tenants' maintenance, repairs and other expenses","","82","79","",,
"2","Mortgage interest cost","","84","83","",,
"2","Homeowners' replacement cost","","85","83","",,
"2","Property taxes and other special charges","","86","83","",,
"2","Homeowners' home and mortgage insurance","","87","83","",,
"2","Homeowners' maintenance and repairs","","88","83","",,
"2","Other owned accommodation expenses","","89","83","",,
"2","Electricity","","91","90","",,
"2","Water","","92","90","",,
"2","Natural gas","","93","90","",,
"2","Fuel oil and other fuels","","94","90","",,
"2","Household operations","","96","95","",,
"2","Household furnishings and equipment","","118","95","",,
"2","Communications","","97","96","",,
"2","Child care and housekeeping services","","102","96","",,
"2","Household cleaning products","","105","96","",,
"2","Paper, plastic and aluminum foil supplies","","108","96","",,
"2","Other household goods and services","","111","96","",,
"2","Telephone services","","98","97","",,
"2","Postal and other communications services","","99","97","",,
"2","Internet access services","","100","97","",,
"2","Telephone equipment","","101","97","t",,
"2","Cellular services","","288","98","",,
"2","Child care services","","103","102","",,
"2","Housekeeping services","","104","102","",,
"2","Detergents and soaps (other than personal care)","","106","105","",,
"2","Other household cleaning products","","107","105","",,
"2","Laundry detergents and soaps ","","325","106","",,
"2","Detergents and rinse agents for dish washing ","","326","106","",,
"2","Household cleaning and polishing products ","","327","107","",,
"2","Bleach and other household chemical products","","328","107","",,
"2","Fabric softener ","","329","107","",,
"2","Paper supplies","","109","108","",,
"2","Plastic and aluminum foil supplies","","110","108","",,
"2","Household paper supplies ","","330","109","",,
"2","Stationery ","","331","109","",,
"2","Pet food and supplies","","112","111","",,
"2","Seeds, plants and cut flowers","","113","111","",,
"2","Other horticultural goods","","114","111","",,
"2","Other household supplies","","115","111","",,
"2","Other household services","","116","111","",,
"2","Financial services","","117","111","",,
"2","Furniture and household textiles","","119","118","",,
"2","Household equipment","","128","118","",,
"2","Services related to household furnishings and equipment","","138","118","",,
"2","Other household furnishings and equipment","","139","118","",,
"2","Furniture","","120","119","",,
"2","Household textiles","","124","119","",,
"2","Upholstered furniture","","121","120","",,
"2","Wooden furniture","","122","120","",,
"2","Other furniture","","123","120","",,
"2","Window coverings","","125","124","",,
"2","Bedding and other household textiles","","126","124","",,
"2","Area rugs and mats","","127","124","t",,
"2","Household appliances","","129","128","",,
"2","Non-electric kitchen utensils, tableware and cookware","","134","128","",,
"2","Tools and other household equipment","","135","128","",,
"2","Cooking appliances","","130","129","",,
"2","Refrigerators and freezers","","131","129","",,
"2","Laundry and dishwashing appliances","","132","129","",,
"2","Other household appliances","","133","129","",,
"2","Household tools (including lawn, garden and snow removal equipment)","","136","135","",,
"2","Other household equipment","","137","135","",,
"2","Clothing","","141","140","",,
"2","Footwear","","145","140","",,
"2","Clothing accessories, watches and jewellery","","150","140","",,
"2","Clothing material, notions and services","","155","140","",,
"2","Women's clothing","","142","141","",,
"2","Men's clothing","","143","141","",,
"2","Children's clothing","","144","141","",,
"2","Women's footwear (excluding athletic)","","146","145","",,
"2","Men's footwear (excluding athletic)","","147","145","",,
"2","Children's footwear (excluding athletic)","","148","145","",,
"2","Athletic footwear","","149","145","",,
"2","Leather clothing accessories","","151","150","t",,
"2","Other clothing accessories","","152","150","t",,
"2","Watches","","153","150","",,
"2","Jewellery","","154","150","",,
"2","Clothing accessories","","289","150","",,
"2","Clothing material and notions","","156","155","t",,
"2","Laundry services","","157","155","t",,
"2","Dry cleaning services","","158","155","t",,
"2","Other clothing services","","159","155","t",,
"2","Private transportation","","161","160","",,
"2","Public transportation","","178","160","",,
"2","Purchase, leasing and rental of passenger vehicles","","162","161","",,
"2","Operation of passenger vehicles","","167","161","",,
"2","Purchase and leasing of passenger vehicles","","163","162","",,
"2","Rental of passenger vehicles","","166","162","",,
"2","Purchase of passenger vehicles","","164","163","",,
"2","Leasing of passenger vehicles","","165","163","",,
"2","Purchase of new passenger vehicles","","290","164","",,
"2","Purchase of used passenger vehicles","","291","164","",,
"2","Gasoline","","168","167","",,
"2","Passenger vehicle parts, maintenance and repairs","","169","167","",,
"2","Other passenger vehicle operating expenses","","172","167","",,
"2","Passenger vehicle parts, accessories and supplies","","170","169","",,
"2","Passenger vehicle maintenance and repair services","","171","169","",,
"2","Passenger vehicle insurance premiums","","173","172","",,
"2","Passenger vehicle registration fees","","174","172","",,
"2","Drivers' licences","","175","172","",,
"2","Parking fees","","176","172","",,
"2","All other passenger vehicle operating expenses","","177","172","",,
"2","Local and commuter transportation","","179","178","",,
"2","Inter-city transportation","","182","178","",,
"2","Other public transportation","","281","178","",,
"2","City bus and subway transportation","","180","179","",,
"2","Taxi and other local and commuter transportation services","","181","179","",,
"2","Air transportation","","183","182","",,
"2","Rail, highway bus and other inter-city transportation","","184","182","",,
"2","Health care","","186","185","",,
"2","Personal care","","197","185","",,
"2","Health care goods","","187","186","",,
"2","Health care services","","193","186","",,
"2","Medicinal and pharmaceutical products","","188","187","",,
"2","Eye care goods","","191","187","",,
"2","Other health care goods","","192","187","",,
"2","Prescribed medicines (excluding medicinal cannabis)","","189","188","",,
"2","Non-prescribed medicines","","190","188","",,
"2","Medicinal cannabis","","286","188","",,
"2","Eye care services","","194","193","",,
"2","Dental care services","","195","193","",,
"2","Other health care services","","196","193","",,
"2","Personal care supplies and equipment","","198","197","",,
"2","Personal care services","","203","197","",,
"2","Personal soap","","199","198","",,
"2","Toiletry items and cosmetics","","200","198","",,
"2","Oral-hygiene products","","201","198","",,
"2","Other personal care supplies and equipment","","202","198","",,
"2","Recreation","","205","204","",,
"2","Education and reading","","233","204","",,
"2","Recreational equipment and services (excluding recreational vehicles)","","206","205","",,
"2","Purchase and operation of recreational vehicles","","215","205","",,
"2","Home entertainment equipment, parts and services","","220","205","",,
"2","Travel services","","226","205","",,
"2","Other cultural and recreational services","","229","205","",,
"2","Sporting and exercise equipment","","207","206","",,
"2","Toys, games (excluding video games) and hobby supplies","","208","206","",,
"2","Digital computing equipment and devices","","209","206","",,
"2","Photographic equipment and supplies","","212","206","",,
"2","Other recreational equipment","","213","206","",,
"2","Recreational services","","214","206","",,
"2","Computer equipment, software and supplies","","210","209","",,
"2","Multipurpose digital devices","","211","209","",,
"2","Purchase of recreational vehicles and outboard motors","","216","215","",,
"2","Operation of recreational vehicles","","217","215","",,
"2","Fuel, parts and accessories for recreational vehicles","","218","217","",,
"2","Insurance, licences and other services for recreational vehicles","","219","217","",,
"2","Audio equipment","","221","220","",,
"2","Video equipment","","222","220","",,
"2","Rental of digital media","","223","220","",,
"2","Purchase of digital media","","224","220","",,
"2","Other home entertainment equipment, parts and services","","225","220","",,
"2","Traveller accommodation","","227","226","",,
"2","Travel tours","","228","226","",,
"2","Spectator entertainment (excluding video and audio subscription services)","","230","229","",,
"2","Video and audio subscription services","","231","229","",,
"2","Use of recreational facilities and services","","232","229","",,
"2","All other cultural and recreational services","","282","229","",,
"2","Education","","234","233","",,
"2","Reading material (excluding textbooks)","","238","233","",,
"2","Tuition fees","","235","234","",,
"2","School textbooks and supplies","","236","234","",,
"2","Other lessons, courses and education services","","237","234","",,
"2","Newspapers","","239","238","",,
"2","Magazines and periodicals","","240","238","",,
"2","Books and reading material (excluding textbooks)","","241","238","",,
"2","Other reading material (excluding textbooks)","","283","238","",,
"2","Alcoholic beverages","","243","242","",,
"2","Tobacco products and smokers' supplies","","252","242","",,
"2","Recreational cannabis","","287","242","",,
"2","Alcoholic beverages served in licensed establishments","","244","243","",,
"2","Alcoholic beverages purchased from stores","","248","243","",,
"2","Beer served in licensed establishments","","245","244","",,
"2","Wine served in licensed establishments","","246","244","",,
"2","Liquor served in licensed establishments","","247","244","",,
"2","Beer purchased from stores","","249","248","",,
"2","Wine purchased from stores","","250","248","",,
"2","Liquor purchased from stores","","251","248","",,
"2","Other alcoholic beverages purchased in stores","","284","248","",,
"2","Cigarettes","","253","252","",,
"2","Other tobacco products and smokers' supplies","","285","252","",,
"2","Durable goods","","272","271","",,
"2","Semi-durable goods","","273","271","",,
"2","Non-durable goods","","274","271","",,
"2","Goods excluding food purchased from stores","","277","271","t",,
"2","Goods excluding food purchased from stores and energy","","278","271","",,
"2","Non-durable goods excluding food purchased from stores","","275","274","t",,
"2","Non-durable goods excluding food purchased from stores and energy","","276","274","t",,
"2","Digital economy services ","","332","279","",,
"2","Services excluding shelter services","","280","279","t",,
"2","All-items","","1","","",,
"2","All-items excluding eight of the most volatile components as defined by the Bank of Canada and excluding the effect of changes in indirect taxes","","254","","t",,
"2","All-items excluding food","","255","","",,
"2","All-items excluding food and energy","","256","","",5,
"2","All-items excluding mortgage interest cost","","257","","",,
"2","All-items excluding alcoholic beverages, tobacco products and smokers' supplies and recreational cannabis","","258","","",,
"2","All-items excluding alcoholic beverages and recreational cannabis","","259","","t",,
"2","All-items excluding tobacco products and smokers' supplies and recreational cannabis","","260","","t",,
"2","All-items excluding shelter","","261","","",,
"2","All-items excluding energy","","262","","",5,
"2","All-items excluding gasoline","","263","","",,
"2","All-items excluding shelter, insurance and financial services","","264","","t",,
"2","Private transportation excluding gasoline","","265","","",,
"2","Food and energy","","266","","",5,
"2","Fresh fruit and vegetables","","267","","",,
"2","Energy","","268","","",5,
"2","Housing (1986 definition)","","269","","t",,
"2","Shelter (1986 definition)","","270","","t",,
"2","Goods","","271","","",6,
"2","Services","","279","","",6,
"3","Weight at basket link month prices","","1","","",7,
"3","Weight at basket reference period prices","","2","","",8,
"4","Distribution to selected geographies","","1","","",,
"4","Distribution to Canada","","2","","",,

Symbol Legend
Description,Symbol
"not available for a specific reference period","..",
"less than the limit of detection","<LOD",
"value rounded to 0 (zero) where there is a meaningful distinction between true zero and the value that was rounded","0s",
"data quality: excellent","A",
"data quality: very good","B",
"data quality: good","C",
"data quality: acceptable","D",
"use with caution","E",
"too unreliable to be published","F",
"not applicable","...",
"preliminary","p",
"revised","r",
"suppressed to meet the confidentiality requirements of the Statistics Act","x",
"terminated","t",

"Survey Code","Survey Name"
"2301","Consumer Price Index"

"Subject Code","Subject Name"
"18","Prices and price indexes"

"Note ID",Note
1,"Figures may not add up as a result of rounding."
2,"The weights for the 2001 basket were originally updated with the release of the January 2003 Consumer Price Index (CPI). The basket link month of these weights was December 2002. However, the 2001 basket weights were adjusted with the release of the July 2004 CPI. The basket link month of these adjusted weights was June 2004. This table only provides the adjusted weights. Users who want to reconstruct indexes between January 2003 and July 2004 may obtain a copy of the original 2001 basket weights by contacting the Consumer Prices Division by <a href="mailto:statcan.cpddisseminationunit-dpcunitedediffusion.statcan@canada.ca">email</a>."
3,"This table provides weights for various Consumer Price Index (CPI) baskets. The CPI product classification often changes with the introduction of new baskets in order to reflect changes in consumer spending habits. Complete weighting schemes are provided for the  CPI baskets since 2005; partial weighting schemes are provided for earlier baskets where there is consistency in the product classification. Users who would like to have the complete weighting schemes for CPI baskets prior to 2005 may contact the Consumer Prices Division by <a href="mailto:statcan.cpddisseminationunit-dpcunitedediffusion.statcan@statcan.gc.ca">email</a>."
5,"The special aggregate energy includes electricity; natural gas; fuel oil and other fuels; gasoline; and fuel, parts and accessories for recreational vehicles."
6,"The Consumer Price Index basket contents organized according to <a href="https://www.statcan.gc.ca/eng/statistical-programs/document/2301_D59_V4">goods and services</a> is available on the CPI survey page on Statistics Canada's website."
7,"These weights are based on consumer expenditures expressed in the prices of the basket link month. A list of baskets and reference periods is available in the <a href="https://www.statcan.gc.ca/en/statistical-programs/document/2301_D70_V1" rel="external noopener noreferrer" target="_blank"> Detailed chronology of basket updates and changes to the Consumer Price Index (CPI) (opens new window)</a> table, on the Statistics Canada website."
8,"These weights are based on consumer expenditures expressed in the prices of the basket reference period."
9,"Basket weights in this table, which are published at a precision of two decimal places, correspond to basic aggregate, published-level indexes of the Consumer Price Index (CPI). They are meant to provide users with an understanding of the relative importance of the various sub-indexes and are sufficiently detailed for most analytical purposes. To ensure a greater level of accuracy, Statistics Canada calculates the CPI with full-precision weights at the lower, elementary aggregate level of the index structure. Therefore, this table provides up to 180 basic product classes for Canada, 10 provinces, Whitehorse, Yellowknife and Iqaluit, while the actual calculation of the CPI is based on nearly 518 product categories and 19 geographic classes."
10,"A limited number of basket weights previously published in this table were corrected on February 20, 2017 to bring them in line with the weights used in the aggregation of the Consumer Price Index (CPI). These corrections had no effect on previously published CPI values and on the calculation of the CPI in any of the basket weight periods."
11,"With the release of the 2022 CPI basket weights, the classification of the fresh fruit category has been updated to provide Canadians with more granular data. Previously included in the other fresh fruit category, citrus (excluding oranges), grapes and berries (including cherries) are now published. As a result, weights for other fresh fruit beginning in 2022 are no longer directly comparable to earlier time periods."
12,"With the release of the 2022 CPI basket weights, the classification of the fresh vegetables category has been updated to provide Canadians with more granular data. Previously included in the other fresh vegetables category, carrots, onions, peppers, cucumber and mushrooms are now published. As a result, weights for other fresh vegetables beginning in 2022 are no longer directly comparable to earlier time periods."

"Correction ID","Correction Date","Correction Note"
"1134","2019-03-04","<p>The 2017 basket weights for five special aggregate series were updated to include the weight of medicinal cannabis and recreational cannabis. Data points for the following series were updated across applicable geographies: non-durable goods excluding food purchased from stores; non-durable goods excluding food purchased from stores and energy; goods excluding food purchased from stores; goods excluding food purchased from stores and energy; and all-items excluding eight of the most volatile components as defined by the Bank of Canada and excluding the effect of changes in indirect taxes.<br><br></p>",

